sale_id,date,customer_id,product,category,quantity,unit_price,sales_rep,total_sales
1,2023-11-24,103,Tablet,Computers,4,127.19,Bob,508.76
2,2023-02-27,180,Laptop,Accessories,3,270.06,Alice,810.1800000000001
3,2023-01-13,93,Keyboard,Computers,4,328.97,Bob,1315.88
4,2023-05-21,15,Charger,Accessories,7,325.85,Diana,2280.9500000000003
5,2023-05-06,107,Phone,Electronics,1,285.03,Bob,285.03
6,2023-04-25,72,Headphones,Computers,7,390.69,Charlie,2734.83
7,2023-03-13,189,Webcam,Computers,1,110.44,Charlie,110.44
8,2023-02-22,21,Monitor,Accessories,2,365.56,Eve,731.12
9,2023-12-13,103,Charger,Computers,4,313.67,Charlie,1254.68
10,2023-10-07,122,Mouse,Accessories,1,449.08,Bob,449.08
11,2023-02-14,75,Tablet,Accessories,9,425.13,Charlie,3826.17
12,2023-10-30,88,Webcam,Accessories,6,164.42,Alice,986.52
13,2023-08-05,117,Headphones,Accessories,1,145.36,Charlie,145.36
14,2023-01-17,100,Phone,Electronics,1,491.01,Diana,491.01
15,2023-01-16,104,Laptop,Accessories,6,268.36,Alice,1610.16
16,2023-02-17,152,Headphones,Audio,4,454.15,Eve,1816.6
17,2023-04-22,131,Webcam,Computers,4,90.3,Diana,361.2
18,2023-04-30,150,Headphones,Audio,6,324.98,Bob,1949.88
19,2023-09-16,53,Webcam,Electronics,7,406.83,Bob,2847.81
20,2023-11-05,2,Webcam,Audio,9,474.22,Bob,4267.9800000000005
21,2023-01-14,88,Speaker,Computers,10,175.3,Diana,1753.0
22,2023-10-15,158,Monitor,Audio,5,365.24,Diana,1826.2
23,2023-04-12,38,Tablet,Electronics,9,274.02,Diana,2466.18
24,2023-11-29,130,Speaker,Accessories,4,39.71,Alice,158.84
25,2023-12-26,192,Phone,Audio,10,348.1,Alice,3481.0
26,2023-10-07,188,Speaker,Electronics,2,348.15,Bob,696.3
27,2023-08-03,21,Keyboard,Electronics,3,466.0,Charlie,1398.0
28,2023-04-23,161,Keyboard,Computers,1,253.68,Bob,253.68
29,2023-08-18,58,Tablet,Computers,6,122.82,Eve,736.92
30,2023-10-29,22,Headphones,Audio,6,31.84,Alice,191.04
31,2023-05-23,89,Monitor,Accessories,1,213.66,Diana,213.66
32,2023-01-04,49,Tablet,Electronics,3,157.94,Alice,473.82
33,2023-03-23,59,Webcam,Audio,5,382.93,Diana,1914.65
34,2023-12-24,170,Mouse,Electronics,3,183.59,Eve,550.77
35,2023-08-05,188,Monitor,Electronics,10,475.04,Eve,4750.400000000001
36,2023-06-24,15,Monitor,Accessories,3,481.53,Alice,1444.59
37,2023-05-23,190,Webcam,Accessories,10,314.25,Diana,3142.5
38,2023-03-21,190,Webcam,Audio,3,465.04,Eve,1395.1200000000001
39,2023-04-21,175,Laptop,Accessories,5,382.82,Bob,1914.1
40,2023-06-22,190,Tablet,Accessories,5,277.96,Bob,1389.8
41,2023-02-22,51,Webcam,Audio,4,98.35,Diana,393.4
42,2023-02-17,108,Keyboard,Accessories,1,234.71,Alice,234.71
43,2023-07-14,55,Phone,Computers,5,284.83,Eve,1424.1499999999999
44,2023-02-19,64,Mouse,Electronics,10,433.34,Alice,4333.4
45,2023-07-03,131,Tablet,Electronics,5,245.85,Bob,1229.25
46,2023-06-26,51,Charger,Electronics,4,449.86,Eve,1799.44
47,2023-11-06,135,Keyboard,Electronics,6,340.43,Alice,2042.58
48,2023-05-16,21,Headphones,Audio,10,77.13,Charlie,771.3
49,2023-01-23,73,Webcam,Electronics,4,497.54,Diana,1990.16
50,2023-08-24,167,Charger,Electronics,7,268.34,Diana,1878.3799999999999
51,2023-10-02,18,Webcam,Electronics,7,202.01,Charlie,1414.07
52,2023-03-05,132,Monitor,Electronics,2,332.97,Bob,665.94
53,2023-07-13,89,Keyboard,Computers,3,63.36,Eve,190.07999999999998
54,2023-02-10,60,Monitor,Electronics,1,321.9,Diana,321.9
55,2023-10-10,14,Laptop,Computers,8,254.14,Charlie,2033.12
56,2023-05-31,9,Monitor,Audio,9,209.27,Charlie,1883.43
57,2023-11-18,90,Laptop,Accessories,4,476.98,Bob,1907.92
58,2023-11-13,53,Laptop,Electronics,6,266.04,Bob,1596.2400000000002
59,2023-07-05,130,Charger,Accessories,9,117.37,Alice,1056.33
60,2023-10-23,84,Webcam,Accessories,6,234.89,Diana,1409.34
61,2023-04-09,92,Headphones,Audio,9,460.5,Alice,4144.5
62,2023-12-27,111,Monitor,Accessories,4,96.29,Charlie,385.16
63,2023-02-05,188,Keyboard,Computers,8,114.84,Eve,918.72
64,2023-01-24,199,Laptop,Accessories,9,16.38,Eve,147.42
65,2023-12-05,172,Webcam,Accessories,4,16.95,Bob,67.8
66,2023-04-27,8,Mouse,Accessories,5,416.4,Eve,2082.0
67,2023-05-29,175,Tablet,Electronics,8,368.74,Eve,2949.92
68,2023-02-10,35,Charger,Electronics,10,183.97,Eve,1839.7
69,2023-04-30,81,Headphones,Computers,6,352.17,Charlie,2113.02
70,2023-02-21,164,Speaker,Computers,7,203.65,Eve,1425.55
71,2023-07-14,50,Charger,Electronics,3,476.92,Eve,1430.76
72,2023-05-23,104,Mouse,Computers,7,483.86,Eve,3387.02
73,2023-08-21,132,Tablet,Electronics,8,202.47,Alice,1619.76
74,2023-11-22,2,Mouse,Audio,10,428.57,Charlie,4285.7
75,2023-07-06,134,Monitor,Accessories,6,388.81,Bob,2332.86
76,2023-03-25,54,Laptop,Accessories,10,161.9,Alice,1619.0
77,2023-07-09,106,Headphones,Computers,9,123.7,Diana,1113.3
78,2023-07-01,4,Phone,Electronics,6,234.53,Charlie,1407.18
79,2023-04-18,54,Laptop,Electronics,9,392.86,Charlie,3535.7400000000002
80,2023-12-10,191,Phone,Computers,4,480.48,Diana,1921.92
81,2023-05-17,146,Tablet,Electronics,8,384.15,Diana,3073.2
82,2023-12-26,44,Webcam,Audio,4,429.05,Diana,1716.2
83,2023-12-16,162,Speaker,Accessories,2,305.5,Bob,611.0
84,2023-11-28,190,Keyboard,Computers,10,419.35,Eve,4193.5
85,2023-02-06,14,Laptop,Computers,9,394.37,Charlie,3549.33
86,2023-11-08,95,Headphones,Electronics,5,194.72,Eve,973.6
87,2023-11-22,48,Mouse,Computers,4,280.48,Eve,1121.92
88,2023-03-29,15,Headphones,Audio,2,404.33,Diana,808.66
89,2023-10-01,200,Tablet,Electronics,1,32.57,Bob,32.57
90,2023-05-06,190,Phone,Electronics,7,405.96,Alice,2841.72
91,2023-03-25,40,Mouse,Electronics,6,97.17,Bob,583.02
92,2023-08-25,82,Keyboard,Electronics,2,262.19,Eve,524.38
93,2023-07-14,111,Keyboard,Audio,8,406.05,Bob,3248.4
94,2023-05-19,53,Laptop,Electronics,4,134.37,Diana,537.48
95,2023-11-24,24,Tablet,Computers,8,130.45,Alice,1043.6
96,2023-12-19,154,Webcam,Audio,7,207.35,Diana,1451.45
97,2023-10-13,188,Tablet,Accessories,5,448.37,Alice,2241.85
98,2023-04-23,124,Phone,Accessories,10,10.22,Eve,102.2
99,2023-12-17,41,Headphones,Computers,10,451.68,Alice,4516.8
100,2023-06-16,157,Keyboard,Computers,8,85.37,Alice,682.96
101,2023-01-29,15,Headphones,Audio,9,495.14,Alice,4456.26
102,2023-04-28,45,Headphones,Accessories,5,477.88,Bob,2389.4
103,2023-01-17,65,Headphones,Accessories,10,252.39,Bob,2523.8999999999996
104,2023-06-11,89,Keyboard,Accessories,5,261.23,Eve,1306.15
105,2023-07-25,71,Charger,Accessories,2,245.96,Alice,491.92
106,2023-05-18,9,Monitor,Accessories,5,321.37,Charlie,1606.85
107,2023-02-03,88,Phone,Electronics,3,54.45,Eve,163.35000000000002
108,2023-04-19,129,Charger,Computers,7,25.98,Alice,181.86
109,2023-10-18,136,Phone,Electronics,10,38.27,Alice,382.70000000000005
110,2023-06-11,63,Mouse,Accessories,5,227.74,Bob,1138.7
111,2023-04-19,139,Tablet,Audio,8,145.02,Eve,1160.16
112,2023-12-02,81,Tablet,Audio,1,314.8,Alice,314.8
113,2023-09-13,136,Speaker,Accessories,3,496.3,Alice,1488.9
114,2023-07-22,163,Tablet,Accessories,3,199.3,Eve,597.9000000000001
115,2023-11-26,163,Keyboard,Audio,9,291.18,Charlie,2620.62
116,2023-08-23,33,Webcam,Electronics,5,213.65,Eve,1068.25
117,2023-03-15,123,Laptop,Electronics,9,425.16,Eve,3826.44
118,2023-05-16,5,Speaker,Accessories,9,452.1,Charlie,4068.9
119,2023-03-13,41,Laptop,Electronics,1,439.9,Eve,439.9
120,2023-05-07,28,Phone,Audio,2,487.44,Alice,974.88
121,2023-10-15,135,Laptop,Electronics,5,23.48,Eve,117.4
122,2023-10-03,72,Laptop,Accessories,4,421.51,Charlie,1686.04
123,2023-05-15,12,Speaker,Audio,10,378.37,Diana,3783.7
124,2023-10-27,162,Mouse,Electronics,9,122.06,Eve,1098.54
125,2023-08-08,33,Headphones,Computers,7,478.6,Bob,3350.2000000000003
126,2023-10-26,48,Tablet,Audio,6,82.61,Alice,495.65999999999997
127,2023-07-24,151,Tablet,Audio,7,342.98,Alice,2400.86
128,2023-07-05,62,Keyboard,Computers,1,120.2,Bob,120.2
129,2023-04-23,37,Speaker,Computers,1,221.38,Bob,221.38
130,2023-03-12,99,Keyboard,Audio,8,362.39,Eve,2899.12
131,2023-09-18,172,Webcam,Computers,2,286.03,Bob,572.06
132,2023-09-10,104,Webcam,Accessories,10,219.48,Diana,2194.7999999999997
133,2023-02-16,35,Keyboard,Accessories,9,169.91,Charlie,1529.19
134,2023-01-25,193,Speaker,Accessories,7,421.43,Bob,2950.01
135,2023-02-26,101,Keyboard,Audio,6,80.47,Bob,482.82
136,2023-03-20,175,Tablet,Computers,1,220.75,Diana,220.75
137,2023-11-18,131,Charger,Computers,1,452.84,Alice,452.84
138,2023-03-23,1,Monitor,Electronics,2,424.47,Alice,848.94
139,2023-12-15,5,Laptop,Electronics,6,206.46,Eve,1238.76
140,2023-08-05,142,Monitor,Computers,6,383.92,Diana,2303.52
141,2023-11-02,103,Speaker,Computers,2,413.35,Charlie,826.7
142,2023-02-02,27,Monitor,Computers,1,445.55,Charlie,445.55
143,2023-07-17,137,Webcam,Audio,10,276.81,Diana,2768.1
144,2023-07-15,15,Phone,Computers,5,110.19,Charlie,550.95
145,2023-11-02,90,Laptop,Electronics,5,135.1,Alice,675.5
146,2023-08-28,42,Headphones,Audio,2,154.89,Charlie,309.78
147,2023-09-28,124,Speaker,Computers,6,300.96,Charlie,1805.7599999999998
148,2023-05-09,179,Laptop,Electronics,9,26.08,Diana,234.71999999999997
149,2023-10-11,63,Monitor,Audio,2,321.66,Diana,643.32
150,2023-01-06,96,Webcam,Computers,10,188.53,Charlie,1885.3
151,2023-12-15,52,Mouse,Computers,2,154.67,Bob,309.34
152,2023-02-28,96,Charger,Computers,3,440.95,Diana,1322.85
153,2023-12-16,132,Headphones,Audio,7,235.4,Eve,1647.8
154,2023-10-02,151,Charger,Electronics,6,56.58,Eve,339.48
155,2023-05-17,143,Laptop,Electronics,8,415.11,Alice,3320.88
156,2023-11-25,171,Webcam,Accessories,8,33.34,Charlie,266.72
157,2023-06-24,29,Webcam,Computers,6,366.11,Bob,2196.66
158,2023-02-27,36,Monitor,Accessories,10,389.21,Alice,3892.1
159,2023-05-31,13,Tablet,Accessories,3,182.78,Charlie,548.34
160,2023-08-11,160,Monitor,Electronics,3,414.15,Diana,1242.4499999999998
161,2023-03-22,71,Tablet,Audio,1,262.67,Eve,262.67
162,2023-08-21,187,Tablet,Audio,7,237.01,Bob,1659.07
163,2023-01-02,86,Headphones,Electronics,5,32.25,Eve,161.25
164,2023-05-15,28,Monitor,Audio,4,152.11,Diana,608.44
165,2023-09-14,66,Mouse,Accessories,10,466.19,Charlie,4661.9
166,2023-04-02,170,Keyboard,Computers,4,201.99,Diana,807.96
167,2023-09-17,45,Keyboard,Electronics,4,277.88,Diana,1111.52
168,2023-02-24,62,Monitor,Computers,6,270.69,Eve,1624.1399999999999
169,2023-11-17,185,Monitor,Audio,8,299.31,Bob,2394.48
170,2023-06-02,134,Charger,Computers,8,40.05,Diana,320.4
171,2023-11-24,28,Headphones,Audio,5,187.47,Eve,937.35
172,2023-09-17,28,Monitor,Audio,6,364.33,Bob,2185.98
173,2023-11-08,108,Charger,Accessories,4,108.27,Charlie,433.08
174,2023-04-12,44,Tablet,Audio,9,109.75,Charlie,987.75
175,2023-03-20,84,Webcam,Accessories,8,14.94,Alice,119.52
176,2023-07-11,30,Webcam,Accessories,10,224.37,Eve,2243.7
177,2023-03-24,190,Tablet,Accessories,10,442.54,Bob,4425.400000000001
178,2023-10-04,75,Speaker,Electronics,1,35.43,Diana,35.43
179,2023-09-29,128,Charger,Electronics,2,103.65,Charlie,207.3
180,2023-01-01,92,Charger,Audio,9,161.94,Bob,1457.46
181,2023-11-03,190,Tablet,Accessories,8,368.55,Eve,2948.4
182,2023-06-15,129,Mouse,Electronics,3,323.91,Alice,971.73
183,2023-09-08,121,Phone,Accessories,8,213.81,Charlie,1710.48
184,2023-01-10,27,Laptop,Computers,1,381.94,Bob,381.94
185,2023-02-27,190,Tablet,Computers,10,308.72,Bob,3087.2000000000003
186,2023-07-05,121,Monitor,Computers,4,449.06,Bob,1796.24
187,2023-06-07,116,Monitor,Audio,3,410.83,Eve,1232.49
188,2023-05-03,3,Headphones,Accessories,6,133.88,Eve,803.28
189,2023-01-30,103,Tablet,Computers,7,143.0,Eve,1001.0
190,2023-05-04,198,Headphones,Electronics,4,71.42,Diana,285.68
191,2023-10-18,200,Tablet,Computers,7,175.11,Bob,1225.77
192,2023-02-10,155,Charger,Computers,9,499.78,Charlie,4498.0199999999995
193,2023-02-13,137,Laptop,Computers,2,208.82,Eve,417.64
194,2023-09-06,62,Charger,Audio,3,118.04,Eve,354.12
195,2023-02-05,165,Phone,Electronics,5,383.62,Bob,1918.1
196,2023-09-30,51,Webcam,Accessories,3,275.81,Eve,827.4300000000001
197,2023-03-06,172,Keyboard,Electronics,8,83.3,Diana,666.4
198,2023-03-07,152,Tablet,Accessories,10,196.54,Diana,1965.3999999999999
199,2023-12-04,59,Phone,Audio,8,213.09,Eve,1704.72
200,2023-09-01,118,Webcam,Audio,8,379.38,Bob,3035.04
201,2023-10-09,160,Speaker,Audio,9,20.13,Bob,181.17
202,2023-03-26,96,Laptop,Audio,4,141.82,Bob,567.28
203,2023-05-16,180,Headphones,Accessories,5,263.62,Alice,1318.1
204,2023-09-28,113,Headphones,Computers,5,141.73,Eve,708.65
205,2023-11-07,62,Charger,Accessories,8,317.93,Bob,2543.44
206,2023-08-05,186,Monitor,Electronics,7,246.12,Diana,1722.8400000000001
207,2023-04-19,52,Webcam,Audio,9,187.24,Charlie,1685.16
208,2023-10-04,12,Speaker,Audio,8,475.11,Charlie,3800.88
209,2023-12-20,39,Phone,Electronics,2,319.76,Bob,639.52
210,2023-04-13,130,Laptop,Accessories,10,73.67,Charlie,736.7
211,2024-01-01,131,Webcam,Computers,4,284.44,Charlie,1137.76
212,2023-06-09,113,Speaker,Computers,6,392.56,Alice,2355.36
213,2023-07-24,101,Keyboard,Electronics,2,357.16,Diana,714.32
214,2023-12-10,113,Tablet,Computers,7,94.32,Diana,660.24
215,2023-11-29,184,Headphones,Accessories,3,486.49,Alice,1459.47
216,2023-07-11,81,Phone,Accessories,3,229.92,Alice,689.76
217,2023-08-13,187,Headphones,Electronics,2,87.92,Charlie,175.84
218,2023-09-22,113,Phone,Accessories,8,98.3,Eve,786.4
219,2023-08-20,2,Charger,Audio,6,58.14,Charlie,348.84000000000003
220,2023-03-03,130,Monitor,Electronics,1,403.72,Alice,403.72
221,2023-05-07,54,Phone,Accessories,1,69.79,Diana,69.79
222,2023-04-26,87,Headphones,Electronics,7,71.31,Charlie,499.17
223,2023-02-02,129,Charger,Computers,8,426.73,Eve,3413.84
224,2023-06-23,147,Phone,Accessories,5,178.86,Charlie,894.3000000000001
225,2023-01-11,126,Keyboard,Audio,5,25.12,Bob,125.60000000000001
226,2023-10-29,130,Monitor,Accessories,4,35.43,Charlie,141.72
227,2023-10-11,53,Phone,Electronics,6,79.66,Alice,477.96
228,2023-04-28,172,Charger,Electronics,6,114.56,Diana,687.36
229,2023-10-29,160,Webcam,Accessories,3,335.92,Diana,1007.76
230,2023-04-23,198,Mouse,Audio,9,87.09,Alice,783.8100000000001
231,2023-01-04,160,Speaker,Audio,7,68.25,Bob,477.75
232,2023-02-06,68,Mouse,Audio,1,384.71,Alice,384.71
233,2023-12-29,183,Mouse,Electronics,7,338.82,Charlie,2371.74
234,2023-11-20,184,Laptop,Accessories,5,223.31,Alice,1116.55
235,2023-01-31,123,Keyboard,Computers,5,279.16,Alice,1395.8000000000002
236,2023-04-28,145,Webcam,Electronics,2,162.87,Bob,325.74
237,2023-02-04,38,Tablet,Audio,4,246.43,Charlie,985.72
238,2023-01-17,24,Phone,Accessories,6,258.27,Eve,1549.62
239,2023-06-19,69,Speaker,Audio,10,199.75,Eve,1997.5
240,2023-02-06,116,Monitor,Computers,7,454.22,Diana,3179.54
241,2023-09-21,98,Webcam,Audio,5,17.87,Alice,89.35000000000001
242,2023-05-02,198,Headphones,Audio,9,393.26,Diana,3539.34
243,2023-05-23,139,Tablet,Computers,3,70.95,Bob,212.85000000000002
244,2023-12-09,144,Laptop,Accessories,1,400.8,Eve,400.8
245,2023-09-06,97,Laptop,Electronics,4,311.8,Alice,1247.2
246,2023-04-20,124,Webcam,Accessories,9,423.21,Bob,3808.89
247,2023-10-04,187,Charger,Computers,4,57.78,Bob,231.12
248,2023-03-09,70,Mouse,Audio,2,283.9,Alice,567.8
249,2023-10-20,93,Headphones,Accessories,10,255.53,Bob,2555.3
250,2023-10-23,3,Laptop,Electronics,5,356.03,Alice,1780.1499999999999
251,2023-08-31,148,Speaker,Computers,3,271.8,Alice,815.4000000000001
252,2023-05-05,187,Laptop,Accessories,9,274.96,Charlie,2474.64
253,2023-08-31,164,Monitor,Electronics,4,220.5,Diana,882.0
254,2023-07-28,147,Phone,Computers,6,161.33,Bob,967.98
255,2023-04-08,90,Laptop,Electronics,2,246.31,Bob,492.62
256,2023-02-18,195,Monitor,Computers,6,68.06,Charlie,408.36
257,2023-02-19,147,Webcam,Audio,3,481.14,Charlie,1443.42
258,2023-12-04,148,Webcam,Accessories,9,360.06,Charlie,3240.54
259,2023-08-09,96,Tablet,Electronics,2,476.71,Eve,953.42
260,2023-07-01,199,Laptop,Computers,9,121.1,Eve,1089.8999999999999
261,2023-08-05,52,Speaker,Electronics,5,440.88,Eve,2204.4
262,2023-07-30,161,Laptop,Electronics,8,406.31,Alice,3250.48
263,2023-08-28,168,Speaker,Accessories,2,341.8,Bob,683.6
264,2023-01-28,128,Keyboard,Audio,6,316.26,Diana,1897.56
265,2023-12-11,39,Tablet,Electronics,3,165.11,Alice,495.33000000000004
266,2023-12-01,82,Keyboard,Computers,10,410.04,Bob,4100.400000000001
267,2023-11-27,104,Laptop,Computers,5,255.74,Bob,1278.7
268,2023-02-20,129,Tablet,Audio,8,44.74,Charlie,357.92
269,2023-02-01,11,Keyboard,Computers,10,163.3,Charlie,1633.0
270,2023-07-26,185,Mouse,Audio,1,468.3,Alice,468.3
271,2023-06-23,178,Laptop,Computers,5,426.83,Charlie,2134.15
272,2023-02-25,151,Keyboard,Accessories,3,491.13,Bob,1473.3899999999999
273,2023-05-08,159,Mouse,Electronics,4,317.72,Charlie,1270.88
274,2023-04-09,42,Mouse,Accessories,2,131.28,Eve,262.56
275,2023-04-08,99,Webcam,Electronics,9,89.78,Charlie,808.02
276,2023-10-02,7,Laptop,Electronics,3,101.59,Bob,304.77
277,2023-08-18,144,Mouse,Electronics,2,19.7,Alice,39.4
278,2023-03-13,90,Webcam,Accessories,10,201.43,Diana,2014.3000000000002
279,2023-08-05,112,Keyboard,Electronics,9,103.8,Charlie,934.1999999999999
280,2023-04-04,60,Monitor,Accessories,7,211.71,Bob,1481.97
281,2023-05-23,113,Laptop,Audio,6,468.15,Diana,2808.8999999999996
282,2023-08-25,2,Tablet,Computers,1,220.96,Diana,220.96
283,2023-05-08,129,Speaker,Computers,5,440.21,Eve,2201.0499999999997
284,2023-02-08,48,Speaker,Electronics,3,306.7,Diana,920.0999999999999
285,2023-08-15,140,Keyboard,Accessories,1,131.09,Bob,131.09
286,2023-10-09,197,Charger,Computers,4,184.37,Bob,737.48
287,2023-02-20,37,Charger,Accessories,2,51.12,Charlie,102.24
288,2023-01-26,160,Keyboard,Accessories,2,173.4,Charlie,346.8
289,2023-11-30,9,Mouse,Electronics,3,342.0,Charlie,1026.0
290,2023-10-04,99,Laptop,Computers,8,45.33,Diana,362.64
291,2023-01-08,147,Speaker,Electronics,8,110.65,Diana,885.2
292,2023-02-17,48,Speaker,Electronics,7,196.91,Eve,1378.37
293,2023-05-02,131,Mouse,Computers,6,491.2,Charlie,2947.2
294,2023-03-27,148,Speaker,Computers,9,394.58,Alice,3551.22
295,2023-07-28,152,Tablet,Audio,4,369.41,Eve,1477.64
296,2023-09-06,54,Laptop,Audio,1,66.93,Alice,66.93
297,2023-09-04,120,Phone,Accessories,8,392.69,Diana,3141.52
298,2023-04-20,161,Speaker,Computers,7,394.78,Eve,2763.46
299,2023-07-25,152,Keyboard,Audio,7,304.54,Eve,2131.78
300,2023-01-31,116,Tablet,Accessories,3,495.28,Bob,1485.84
301,2023-03-26,75,Speaker,Accessories,4,169.37,Diana,677.48
302,2023-07-14,113,Tablet,Accessories,10,471.22,Diana,4712.200000000001
303,2023-01-02,200,Webcam,Audio,9,458.22,Eve,4123.9800000000005
304,2023-07-19,164,Phone,Computers,6,15.63,Diana,93.78
305,2023-05-16,166,Headphones,Electronics,5,230.56,Eve,1152.8
306,2023-08-21,104,Keyboard,Accessories,3,488.78,Bob,1466.34
307,2023-05-27,84,Keyboard,Audio,9,60.53,Eve,544.77
308,2023-08-05,112,Laptop,Audio,5,278.41,Diana,1392.0500000000002
309,2023-12-23,99,Tablet,Electronics,5,489.69,Diana,2448.45
310,2023-10-12,153,Mouse,Electronics,4,282.19,Eve,1128.76
311,2023-12-05,93,Keyboard,Audio,4,103.01,Eve,412.04
312,2023-09-07,146,Tablet,Computers,1,295.27,Eve,295.27
313,2023-03-21,128,Tablet,Electronics,7,110.18,Charlie,771.26
314,2023-04-08,110,Monitor,Audio,9,264.66,Diana,2381.94
315,2023-06-01,82,Monitor,Electronics,3,46.28,Diana,138.84
316,2023-04-22,194,Headphones,Computers,2,306.69,Charlie,613.38
317,2023-01-30,54,Webcam,Accessories,3,263.23,Eve,789.69
318,2023-10-24,163,Headphones,Electronics,1,372.68,Bob,372.68
319,2023-10-05,189,Speaker,Computers,6,319.04,Eve,1914.2400000000002
320,2023-02-01,169,Mouse,Audio,7,279.31,Eve,1955.17
321,2023-06-10,161,Speaker,Electronics,2,347.99,Charlie,695.98
322,2023-01-30,68,Charger,Electronics,8,80.53,Diana,644.24
323,2023-01-26,33,Speaker,Audio,6,301.73,Eve,1810.38
324,2023-10-27,142,Laptop,Accessories,4,94.33,Diana,377.32
325,2023-09-02,21,Speaker,Audio,5,463.51,Alice,2317.55
326,2023-09-15,48,Headphones,Electronics,8,43.48,Diana,347.84
327,2023-09-29,148,Keyboard,Audio,3,220.88,Bob,662.64
328,2023-03-22,128,Keyboard,Computers,3,350.94,Bob,1052.82
329,2023-01-30,136,Monitor,Audio,4,234.43,Eve,937.72
330,2023-09-18,135,Mouse,Electronics,1,55.13,Diana,55.13
331,2023-02-11,195,Mouse,Audio,9,281.16,Eve,2530.44
332,2023-04-06,145,Laptop,Accessories,8,324.4,Charlie,2595.2
333,2023-02-05,128,Headphones,Audio,8,354.86,Bob,2838.88
334,2023-11-01,33,Monitor,Accessories,10,192.9,Eve,1929.0
335,2023-02-04,176,Charger,Computers,6,286.19,Charlie,1717.1399999999999
336,2023-12-12,187,Mouse,Accessories,7,230.84,Eve,1615.88
337,2023-05-01,115,Keyboard,Audio,6,339.31,Diana,2035.8600000000001
338,2023-07-26,119,Speaker,Electronics,9,295.94,Diana,2663.46
339,2023-03-03,22,Speaker,Accessories,3,267.62,Diana,802.86
340,2023-10-19,158,Monitor,Computers,3,132.27,Diana,396.81000000000006
341,2023-05-07,38,Headphones,Accessories,3,10.99,Alice,32.97
342,2023-10-24,109,Headphones,Accessories,10,95.3,Charlie,953.0
343,2023-11-01,51,Webcam,Accessories,3,67.36,Charlie,202.07999999999998
344,2023-01-21,182,Phone,Computers,9,230.05,Diana,2070.4500000000003
345,2023-11-14,8,Mouse,Audio,4,310.01,Alice,1240.04
346,2023-02-11,27,Headphones,Accessories,7,114.41,Diana,800.87
347,2023-08-03,27,Keyboard,Accessories,9,470.14,Alice,4231.26
348,2023-12-03,21,Monitor,Electronics,7,13.27,Diana,92.89
349,2023-10-26,30,Charger,Computers,9,388.43,Bob,3495.87
350,2023-10-17,97,Webcam,Accessories,3,316.35,Bob,949.0500000000001
351,2023-09-25,28,Tablet,Computers,4,193.04,Eve,772.16
352,2023-06-11,111,Laptop,Accessories,8,34.74,Diana,277.92
353,2023-05-14,192,Charger,Audio,6,317.47,Charlie,1904.8200000000002
354,2023-04-15,197,Tablet,Audio,5,198.95,Eve,994.75
355,2023-12-09,61,Speaker,Accessories,4,468.77,Bob,1875.08
356,2023-06-10,48,Laptop,Audio,8,275.58,Diana,2204.64
357,2023-05-03,147,Mouse,Accessories,1,470.43,Eve,470.43
358,2023-05-16,4,Keyboard,Audio,9,118.04,Diana,1062.3600000000001
359,2023-07-22,35,Laptop,Electronics,1,365.61,Bob,365.61
360,2023-03-09,192,Phone,Electronics,8,312.45,Eve,2499.6
361,2023-12-10,49,Tablet,Electronics,4,372.31,Bob,1489.24
362,2023-11-27,17,Mouse,Computers,9,115.19,Alice,1036.71
363,2023-06-03,172,Phone,Computers,5,335.85,Bob,1679.25
364,2023-08-23,158,Speaker,Electronics,3,254.04,Diana,762.12
365,2023-06-11,46,Phone,Computers,9,373.98,Charlie,3365.82
366,2023-02-07,117,Webcam,Audio,9,170.25,Bob,1532.25
367,2023-01-05,6,Webcam,Accessories,4,446.13,Charlie,1784.52
368,2023-08-23,99,Monitor,Accessories,4,51.31,Alice,205.24
369,2023-11-15,124,Charger,Accessories,8,405.52,Eve,3244.16
370,2023-10-16,37,Charger,Electronics,2,432.05,Eve,864.1
371,2023-02-21,24,Mouse,Computers,9,410.45,Charlie,3694.0499999999997
372,2023-02-07,93,Speaker,Audio,6,261.24,Eve,1567.44
373,2023-10-03,46,Headphones,Audio,9,224.81,Bob,2023.29
374,2023-04-20,181,Webcam,Electronics,8,498.17,Charlie,3985.36
375,2023-09-17,95,Mouse,Audio,7,122.29,Diana,856.0300000000001
376,2023-05-16,99,Headphones,Audio,1,277.97,Bob,277.97
377,2023-03-09,188,Charger,Audio,3,338.63,Bob,1015.89
378,2023-06-28,116,Monitor,Audio,2,353.43,Bob,706.86
379,2023-02-05,191,Phone,Computers,5,109.97,Diana,549.85
380,2023-05-06,160,Webcam,Audio,5,330.46,Alice,1652.3
381,2023-07-09,161,Mouse,Accessories,5,411.0,Eve,2055.0
382,2023-05-26,67,Laptop,Electronics,4,34.51,Charlie,138.04
383,2023-03-22,128,Headphones,Computers,5,456.65,Alice,2283.25
384,2023-08-13,18,Phone,Audio,3,24.46,Charlie,73.38
385,2023-10-06,25,Webcam,Computers,1,184.43,Eve,184.43
386,2023-12-27,54,Charger,Audio,5,17.75,Diana,88.75
387,2023-06-04,58,Speaker,Accessories,9,47.8,Bob,430.2
388,2023-11-10,67,Headphones,Electronics,9,456.47,Bob,4108.2300000000005
389,2023-12-01,104,Charger,Audio,4,183.88,Diana,735.52
390,2023-09-28,174,Webcam,Audio,3,218.14,Alice,654.42
391,2023-01-05,24,Headphones,Audio,1,115.52,Alice,115.52
392,2023-12-08,114,Phone,Audio,2,302.58,Charlie,605.16
393,2023-10-11,32,Webcam,Electronics,8,301.45,Diana,2411.6
394,2023-06-03,175,Tablet,Electronics,1,192.38,Alice,192.38
395,2023-12-06,86,Mouse,Accessories,8,173.19,Diana,1385.52
396,2023-02-23,151,Phone,Electronics,7,443.63,Eve,3105.41
397,2023-03-10,194,Headphones,Audio,8,197.81,Bob,1582.48
398,2023-05-16,127,Speaker,Accessories,6,251.82,Bob,1510.92
399,2023-03-01,155,Charger,Accessories,9,148.82,Bob,1339.3799999999999
400,2023-02-24,130,Laptop,Accessories,3,395.52,Diana,1186.56
401,2023-10-11,17,Charger,Audio,10,204.75,Diana,2047.5
402,2023-03-21,104,Headphones,Computers,4,261.67,Charlie,1046.68
403,2023-05-20,161,Charger,Audio,6,134.15,Bob,804.9000000000001
404,2023-05-25,137,Mouse,Electronics,8,493.95,Charlie,3951.6
405,2023-11-06,43,Webcam,Electronics,5,152.83,Bob,764.1500000000001
406,2023-04-18,176,Laptop,Audio,3,387.66,Charlie,1162.98
407,2023-06-25,39,Keyboard,Audio,6,219.47,Charlie,1316.82
408,2023-04-15,170,Headphones,Accessories,4,111.05,Eve,444.2
409,2023-12-18,26,Monitor,Audio,9,401.86,Charlie,3616.7400000000002
410,2023-11-21,99,Keyboard,Accessories,3,173.47,Diana,520.41
411,2023-05-16,50,Charger,Electronics,4,433.94,Charlie,1735.76
412,2023-09-16,153,Headphones,Accessories,7,458.48,Bob,3209.36
413,2023-09-08,152,Tablet,Audio,7,431.31,Charlie,3019.17
414,2023-05-09,13,Monitor,Electronics,4,27.15,Alice,108.6
415,2023-01-27,60,Laptop,Computers,6,395.81,Bob,2374.86
416,2023-02-17,135,Speaker,Accessories,3,211.56,Alice,634.6800000000001
417,2023-11-21,57,Tablet,Electronics,6,438.12,Bob,2628.7200000000003
418,2023-08-05,36,Keyboard,Accessories,2,322.6,Diana,645.2
419,2023-05-22,173,Webcam,Electronics,8,418.49,Diana,3347.92
420,2023-01-23,20,Mouse,Electronics,2,254.72,Diana,509.44
421,2023-01-02,65,Speaker,Accessories,7,272.16,Alice,1905.1200000000001
422,2023-06-20,8,Tablet,Computers,9,80.75,Eve,726.75
423,2023-03-08,144,Webcam,Electronics,1,394.15,Bob,394.15
424,2023-11-23,142,Webcam,Electronics,8,215.5,Diana,1724.0
425,2023-05-15,115,Headphones,Electronics,7,255.04,Bob,1785.28
426,2023-03-24,143,Tablet,Computers,6,394.7,Alice,2368.2
427,2023-08-15,92,Laptop,Computers,6,303.43,Eve,1820.58
428,2023-10-10,98,Charger,Audio,6,108.54,Alice,651.24
429,2023-12-28,66,Monitor,Accessories,9,299.21,Bob,2692.89
430,2023-08-07,32,Monitor,Computers,2,209.74,Eve,419.48
431,2023-10-15,191,Keyboard,Accessories,1,240.07,Eve,240.07
432,2023-01-05,86,Keyboard,Audio,6,23.87,Alice,143.22
433,2023-02-27,51,Monitor,Accessories,10,112.91,Diana,1129.1
434,2023-02-08,153,Laptop,Computers,8,147.71,Bob,1181.68
435,2023-12-20,186,Mouse,Accessories,3,359.35,Charlie,1078.0500000000002
436,2023-03-18,63,Phone,Computers,10,15.63,Charlie,156.3
437,2023-10-07,190,Charger,Accessories,1,210.3,Alice,210.3
438,2023-01-19,125,Mouse,Computers,9,462.77,Bob,4164.93
439,2023-07-09,150,Headphones,Computers,1,64.82,Bob,64.82
440,2023-10-26,58,Phone,Accessories,3,263.05,Alice,789.1500000000001
441,2023-10-10,58,Phone,Audio,8,395.4,Bob,3163.2
442,2023-03-17,86,Tablet,Electronics,3,471.84,Diana,1415.52
443,2023-08-09,49,Laptop,Audio,4,375.92,Alice,1503.68
444,2023-03-07,180,Laptop,Accessories,8,363.08,Diana,2904.64
445,2023-01-22,170,Phone,Audio,1,414.98,Bob,414.98
446,2023-06-07,70,Tablet,Computers,6,228.64,Alice,1371.84
447,2023-07-06,15,Charger,Electronics,1,404.86,Bob,404.86
448,2023-01-21,54,Phone,Accessories,1,13.9,Alice,13.9
449,2023-07-03,188,Speaker,Accessories,8,463.03,Bob,3704.24
450,2023-04-18,101,Keyboard,Accessories,4,227.22,Diana,908.88
451,2023-12-16,8,Keyboard,Electronics,1,281.16,Diana,281.16
452,2023-05-08,53,Mouse,Computers,10,134.89,Bob,1348.8999999999999
453,2023-12-08,60,Headphones,Accessories,7,373.84,Alice,2616.8799999999997
454,2023-02-22,108,Keyboard,Audio,5,47.55,Charlie,237.75
455,2023-07-01,5,Webcam,Accessories,5,437.59,Diana,2187.95
456,2023-10-14,103,Mouse,Accessories,1,415.78,Diana,415.78
457,2023-07-28,196,Keyboard,Accessories,10,115.87,Charlie,1158.7
458,2023-11-14,6,Headphones,Accessories,6,406.57,Bob,2439.42
459,2023-03-21,109,Laptop,Computers,9,395.32,Alice,3557.88
460,2023-05-02,116,Laptop,Audio,9,319.79,Bob,2878.11
461,2023-03-25,94,Charger,Computers,8,193.02,Eve,1544.16
462,2023-04-01,47,Phone,Audio,5,143.03,Diana,715.15
463,2023-07-31,99,Speaker,Accessories,1,123.57,Eve,123.57
464,2023-01-13,55,Laptop,Electronics,9,166.12,Diana,1495.08
465,2023-04-02,168,Tablet,Computers,1,452.74,Diana,452.74
466,2023-06-20,52,Keyboard,Electronics,8,48.04,Eve,384.32
467,2023-07-30,144,Tablet,Computers,5,416.15,Eve,2080.75
468,2023-12-09,13,Headphones,Accessories,3,180.96,Bob,542.88
469,2023-05-08,114,Laptop,Computers,7,265.58,Eve,1859.06
470,2023-05-17,124,Speaker,Accessories,7,399.3,Bob,2795.1
471,2023-03-23,106,Headphones,Computers,9,443.34,Bob,3990.06
472,2023-12-26,158,Webcam,Accessories,7,178.94,Bob,1252.58
473,2023-02-25,147,Webcam,Accessories,3,236.3,Diana,708.9000000000001
474,2023-07-15,145,Tablet,Audio,1,213.11,Diana,213.11
475,2023-01-20,120,Phone,Accessories,8,16.49,Eve,131.92
476,2023-08-29,63,Mouse,Audio,3,155.01,Diana,465.03
477,2023-04-24,19,Phone,Accessories,8,235.0,Eve,1880.0
478,2023-04-13,92,Charger,Electronics,8,211.44,Diana,1691.52
479,2023-08-24,58,Phone,Accessories,5,363.75,Alice,1818.75
480,2023-06-29,183,Charger,Electronics,1,198.55,Alice,198.55
481,2023-06-06,90,Charger,Electronics,10,249.79,Eve,2497.9
482,2023-04-27,117,Speaker,Accessories,7,220.51,Diana,1543.57
483,2023-04-25,62,Laptop,Electronics,10,372.91,Diana,3729.1000000000004
484,2023-01-13,23,Speaker,Audio,5,432.86,Bob,2164.3
485,2023-12-04,127,Charger,Computers,8,270.63,Charlie,2165.04
486,2023-04-09,137,Headphones,Accessories,9,396.82,Eve,3571.38
487,2023-07-24,140,Webcam,Electronics,7,155.43,Charlie,1088.01
488,2023-06-18,129,Charger,Accessories,7,275.27,Charlie,1926.8899999999999
489,2023-05-23,58,Speaker,Audio,1,179.16,Eve,179.16
490,2023-02-05,122,Headphones,Accessories,4,212.96,Diana,851.84
491,2023-05-23,1,Speaker,Accessories,2,368.88,Eve,737.76
492,2023-06-29,34,Phone,Electronics,2,442.01,Charlie,884.02
493,2023-11-25,96,Keyboard,Audio,2,69.53,Diana,139.06
494,2023-09-18,126,Tablet,Computers,4,320.97,Alice,1283.88
495,2023-07-24,118,Mouse,Computers,1,295.25,Eve,295.25
496,2023-12-14,48,Speaker,Electronics,4,68.02,Eve,272.08
497,2023-10-02,89,Mouse,Accessories,2,113.83,Diana,227.66
498,2023-06-19,117,Monitor,Electronics,5,162.39,Alice,811.9499999999999
499,2023-01-15,129,Speaker,Electronics,3,91.8,Alice,275.4
500,2023-03-01,16,Keyboard,Electronics,8,129.43,Diana,1035.44
501,2023-05-14,189,Mouse,Accessories,4,141.12,Bob,564.48
502,2023-04-02,192,Charger,Audio,1,174.48,Eve,174.48
503,2023-10-25,191,Speaker,Electronics,1,377.2,Eve,377.2
504,2023-05-16,69,Laptop,Accessories,10,290.24,Charlie,2902.4
505,2023-01-20,22,Tablet,Audio,3,493.26,Diana,1479.78
506,2023-02-25,93,Keyboard,Electronics,9,213.22,Charlie,1918.98
507,2023-11-02,195,Mouse,Computers,7,379.39,Charlie,2655.73
508,2023-08-11,76,Keyboard,Audio,2,437.02,Alice,874.04
509,2023-06-26,154,Headphones,Electronics,9,342.7,Eve,3084.2999999999997
510,2023-06-10,144,Tablet,Audio,10,211.81,Charlie,2118.1
511,2023-08-12,179,Charger,Audio,2,379.26,Alice,758.52
512,2023-11-07,86,Speaker,Audio,3,109.8,Diana,329.4
513,2023-09-19,185,Speaker,Audio,10,170.5,Charlie,1705.0
514,2023-03-01,29,Speaker,Audio,2,277.88,Eve,555.76
515,2023-07-17,69,Tablet,Audio,3,291.95,Charlie,875.8499999999999
516,2023-10-23,47,Laptop,Electronics,6,20.85,Diana,125.10000000000001
517,2023-04-08,94,Monitor,Computers,9,473.11,Charlie,4257.99
518,2023-05-11,190,Webcam,Accessories,9,351.35,Eve,3162.15
519,2023-01-23,197,Phone,Audio,7,252.89,Alice,1770.23
520,2023-12-29,144,Mouse,Accessories,3,467.23,Eve,1401.69
521,2023-08-12,176,Laptop,Electronics,4,225.16,Alice,900.64
522,2023-01-01,85,Charger,Audio,6,490.41,Bob,2942.46
523,2023-09-24,39,Mouse,Computers,5,261.02,Eve,1305.1
524,2023-10-03,100,Speaker,Accessories,2,66.0,Eve,132.0
525,2023-12-18,33,Keyboard,Audio,6,384.75,Diana,2308.5
526,2023-12-10,101,Charger,Electronics,3,342.66,Charlie,1027.98
527,2023-04-11,23,Mouse,Computers,8,388.76,Alice,3110.08
528,2023-07-06,10,Speaker,Accessories,2,476.21,Alice,952.42
529,2023-08-09,69,Mouse,Accessories,1,390.48,Diana,390.48
530,2023-02-05,100,Keyboard,Audio,9,309.55,Diana,2785.9500000000003
531,2023-12-07,34,Speaker,Computers,3,430.08,Charlie,1290.24
532,2023-06-19,180,Monitor,Computers,1,339.89,Charlie,339.89
533,2023-11-16,138,Laptop,Computers,7,209.98,Eve,1469.86
534,2023-06-10,147,Headphones,Computers,10,443.95,Bob,4439.5
535,2023-12-06,186,Phone,Electronics,5,118.73,Charlie,593.65
536,2023-03-05,96,Tablet,Computers,5,360.17,Diana,1800.8500000000001
537,2023-06-03,1,Phone,Accessories,1,441.97,Charlie,441.97
538,2023-09-17,69,Charger,Accessories,9,368.35,Alice,3315.15
539,2023-06-08,4,Phone,Electronics,7,351.66,Bob,2461.6200000000003
540,2023-12-08,16,Speaker,Accessories,8,378.79,Eve,3030.32
541,2023-07-29,24,Monitor,Accessories,9,237.88,Alice,2140.92
542,2023-06-17,80,Headphones,Computers,6,438.34,Alice,2630.04
543,2023-07-26,2,Laptop,Accessories,5,109.68,Bob,548.4000000000001
544,2023-12-23,128,Laptop,Electronics,6,72.42,Eve,434.52
545,2023-06-01,160,Keyboard,Computers,2,149.9,Diana,299.8
546,2023-10-11,84,Tablet,Audio,4,270.47,Eve,1081.88
547,2023-03-07,152,Mouse,Computers,3,260.18,Charlie,780.54
548,2023-04-09,140,Monitor,Electronics,7,412.09,Alice,2884.6299999999997
549,2023-08-04,178,Mouse,Computers,9,208.24,Charlie,1874.16
550,2023-12-07,163,Headphones,Computers,5,247.33,Diana,1236.65
551,2023-07-14,124,Phone,Electronics,6,16.55,Charlie,99.30000000000001
552,2023-12-13,33,Laptop,Computers,10,210.77,Eve,2107.7000000000003
553,2023-03-31,161,Headphones,Electronics,2,327.41,Charlie,654.82
554,2023-11-12,189,Phone,Electronics,3,17.6,Diana,52.800000000000004
555,2023-10-19,179,Laptop,Audio,3,147.63,Diana,442.89
556,2023-06-04,171,Phone,Accessories,9,111.9,Diana,1007.1
557,2023-07-27,101,Tablet,Accessories,7,30.57,Eve,213.99
558,2023-10-08,12,Monitor,Computers,8,244.84,Diana,1958.72
559,2023-01-01,67,Charger,Computers,10,99.04,Alice,990.4000000000001
560,2023-06-05,65,Headphones,Audio,9,374.11,Diana,3366.9900000000002
561,2023-05-27,161,Headphones,Audio,6,425.48,Charlie,2552.88
562,2023-04-18,168,Webcam,Audio,4,277.34,Charlie,1109.36
563,2023-08-09,74,Speaker,Electronics,1,491.04,Charlie,491.04
564,2023-10-24,43,Tablet,Audio,8,230.73,Eve,1845.84
565,2023-11-07,44,Tablet,Audio,7,261.55,Charlie,1830.8500000000001
566,2023-12-02,29,Mouse,Computers,2,494.72,Eve,989.44
567,2023-06-14,141,Phone,Audio,8,123.46,Eve,987.68
568,2023-08-27,12,Speaker,Electronics,5,471.85,Diana,2359.25
569,2023-08-15,95,Monitor,Electronics,7,30.99,Alice,216.92999999999998
570,2023-08-15,46,Monitor,Computers,4,228.73,Diana,914.92
571,2023-12-12,130,Tablet,Audio,5,44.3,Diana,221.5
572,2023-04-20,35,Monitor,Audio,8,367.33,Eve,2938.64
573,2023-09-19,81,Webcam,Electronics,1,308.12,Eve,308.12
574,2023-08-31,90,Headphones,Audio,1,356.25,Charlie,356.25
575,2023-03-28,8,Keyboard,Audio,4,193.5,Charlie,774.0
576,2023-12-04,93,Charger,Audio,3,191.05,Diana,573.1500000000001
577,2023-02-13,154,Mouse,Accessories,10,32.21,Bob,322.1
578,2023-05-26,90,Phone,Computers,2,181.47,Bob,362.94
579,2023-09-21,162,Charger,Accessories,3,465.35,Charlie,1396.0500000000002
580,2023-12-06,115,Phone,Computers,1,195.82,Bob,195.82
581,2023-11-21,105,Laptop,Electronics,1,417.37,Charlie,417.37
582,2023-11-14,135,Charger,Audio,6,422.74,Eve,2536.44
583,2023-06-21,196,Keyboard,Computers,5,192.89,Diana,964.4499999999999
584,2023-02-17,58,Tablet,Accessories,8,319.67,Alice,2557.36
585,2023-05-01,114,Webcam,Audio,2,56.73,Diana,113.46
586,2023-12-11,75,Headphones,Electronics,4,60.8,Charlie,243.2
587,2023-06-08,157,Headphones,Computers,8,33.84,Charlie,270.72
588,2023-04-26,120,Webcam,Computers,6,294.7,Diana,1768.1999999999998
589,2023-04-12,164,Speaker,Computers,1,218.77,Charlie,218.77
590,2023-03-17,21,Laptop,Audio,4,278.54,Bob,1114.16
591,2023-01-13,164,Phone,Accessories,1,265.33,Bob,265.33
592,2023-01-24,138,Keyboard,Accessories,2,181.6,Charlie,363.2
593,2023-05-06,101,Monitor,Computers,5,341.96,Charlie,1709.8
594,2023-09-01,152,Charger,Electronics,8,381.67,Bob,3053.36
595,2023-11-09,192,Laptop,Electronics,8,17.17,Charlie,137.36
596,2023-02-07,177,Charger,Accessories,3,111.55,Charlie,334.65
597,2023-08-22,99,Keyboard,Electronics,4,359.49,Diana,1437.96
598,2023-08-01,36,Mouse,Accessories,10,199.44,Alice,1994.4
599,2023-11-19,96,Mouse,Computers,6,334.62,Bob,2007.72
600,2023-10-22,152,Laptop,Accessories,10,180.01,Diana,1800.1
601,2023-04-10,151,Tablet,Accessories,3,201.47,Alice,604.41
602,2023-12-23,190,Keyboard,Computers,2,87.75,Charlie,175.5
603,2023-07-16,37,Keyboard,Electronics,6,136.53,Charlie,819.1800000000001
604,2023-09-11,12,Webcam,Accessories,5,306.65,Diana,1533.25
605,2023-07-24,113,Tablet,Accessories,10,222.25,Charlie,2222.5
606,2023-05-05,183,Phone,Computers,5,389.41,Eve,1947.0500000000002
607,2023-03-17,13,Phone,Electronics,10,427.77,Diana,4277.7
608,2023-12-02,23,Monitor,Accessories,5,275.41,Alice,1377.0500000000002
609,2023-12-19,99,Headphones,Computers,10,381.55,Diana,3815.5
610,2023-01-03,105,Mouse,Accessories,5,160.38,Bob,801.9
611,2023-02-24,30,Phone,Audio,3,213.34,Diana,640.02
612,2023-08-06,17,Tablet,Computers,7,359.26,Charlie,2514.8199999999997
613,2023-04-23,113,Keyboard,Electronics,6,199.24,Charlie,1195.44
614,2023-04-01,62,Phone,Electronics,4,298.37,Eve,1193.48
615,2023-12-23,84,Keyboard,Electronics,2,100.83,Eve,201.66
616,2023-09-23,112,Phone,Electronics,9,303.89,Eve,2735.0099999999998
617,2023-08-26,86,Mouse,Accessories,1,432.14,Alice,432.14
618,2023-01-26,141,Charger,Accessories,4,435.63,Eve,1742.52
619,2023-10-13,187,Phone,Electronics,1,364.93,Alice,364.93
620,2023-05-08,19,Tablet,Electronics,6,375.42,Eve,2252.52
621,2023-03-04,177,Phone,Electronics,4,283.38,Alice,1133.52
622,2023-08-22,100,Headphones,Accessories,5,296.49,Diana,1482.45
623,2023-03-10,140,Mouse,Electronics,5,75.49,Diana,377.45
624,2023-08-26,189,Tablet,Electronics,9,227.49,Charlie,2047.41
625,2023-12-08,147,Webcam,Audio,1,230.88,Alice,230.88
626,2023-09-29,76,Tablet,Audio,2,479.66,Bob,959.32
627,2023-10-14,9,Headphones,Electronics,6,221.23,Charlie,1327.3799999999999
628,2023-11-01,199,Charger,Computers,5,279.18,Diana,1395.9
629,2023-06-12,28,Mouse,Electronics,7,271.29,Alice,1899.0300000000002
630,2023-08-15,128,Webcam,Audio,3,322.01,Eve,966.03
631,2023-11-10,52,Headphones,Computers,3,376.63,Bob,1129.8899999999999
632,2023-09-16,83,Headphones,Computers,10,120.27,Diana,1202.7
633,2023-08-07,111,Laptop,Electronics,2,269.07,Charlie,538.14
634,2023-10-08,144,Mouse,Audio,3,414.7,Alice,1244.1
635,2023-08-17,117,Tablet,Audio,10,236.93,Bob,2369.3
636,2023-03-23,69,Keyboard,Computers,1,146.44,Alice,146.44
637,2023-09-01,99,Charger,Electronics,5,330.81,Eve,1654.05
638,2023-08-19,140,Keyboard,Accessories,5,413.65,Charlie,2068.25
639,2023-05-13,25,Tablet,Accessories,7,40.94,Alice,286.58
640,2023-05-07,180,Tablet,Audio,4,390.63,Diana,1562.52
641,2023-11-23,123,Mouse,Accessories,3,412.61,Charlie,1237.83
642,2023-05-22,53,Tablet,Audio,1,236.15,Diana,236.15
643,2023-09-24,151,Laptop,Audio,8,491.82,Alice,3934.56
644,2023-09-06,144,Webcam,Audio,3,395.49,Charlie,1186.47
645,2023-11-17,57,Tablet,Accessories,2,389.09,Diana,778.18
646,2023-05-03,39,Keyboard,Audio,4,376.44,Eve,1505.76
647,2023-05-21,109,Tablet,Computers,3,83.8,Eve,251.39999999999998
648,2023-08-14,181,Laptop,Electronics,1,116.44,Alice,116.44
649,2023-02-09,42,Phone,Electronics,3,237.36,Charlie,712.08
650,2024-01-01,186,Phone,Audio,2,139.36,Bob,278.72
651,2023-05-27,167,Headphones,Electronics,8,213.47,Charlie,1707.76
652,2023-05-01,142,Charger,Accessories,6,445.35,Eve,2672.1000000000004
653,2023-05-20,122,Monitor,Accessories,9,413.92,Diana,3725.28
654,2023-06-21,133,Webcam,Electronics,8,318.72,Bob,2549.76
655,2023-06-13,163,Speaker,Accessories,10,430.48,Alice,4304.8
656,2023-10-04,75,Headphones,Electronics,3,394.05,Bob,1182.15
657,2023-02-11,146,Charger,Electronics,5,220.2,Alice,1101.0
658,2023-03-12,76,Phone,Electronics,7,108.52,Bob,759.64
659,2023-03-19,9,Keyboard,Audio,5,261.96,Alice,1309.8
660,2023-04-29,74,Speaker,Electronics,8,370.75,Alice,2966.0
661,2023-07-16,186,Charger,Audio,5,223.85,Bob,1119.25
662,2023-12-22,145,Charger,Electronics,1,336.72,Bob,336.72
663,2023-03-20,7,Headphones,Electronics,5,56.22,Alice,281.1
664,2023-12-28,174,Speaker,Electronics,4,376.52,Eve,1506.08
665,2023-04-20,141,Mouse,Accessories,6,408.23,Bob,2449.38
666,2023-02-02,168,Monitor,Audio,3,356.35,Charlie,1069.0500000000002
667,2023-08-01,170,Mouse,Audio,5,483.96,Diana,2419.7999999999997
668,2023-07-28,137,Speaker,Electronics,2,415.06,Alice,830.12
669,2023-06-19,178,Mouse,Electronics,6,452.52,Alice,2715.12
670,2023-10-05,27,Laptop,Accessories,6,467.45,Diana,2804.7
671,2023-08-27,122,Phone,Accessories,5,402.66,Eve,2013.3000000000002
672,2023-08-01,194,Laptop,Accessories,6,340.39,Diana,2042.34
673,2023-02-01,5,Tablet,Audio,7,12.8,Bob,89.60000000000001
674,2023-04-16,29,Mouse,Audio,5,238.25,Diana,1191.25
675,2023-08-04,165,Tablet,Audio,1,289.87,Alice,289.87
676,2023-07-19,166,Keyboard,Electronics,8,158.97,Diana,1271.76
677,2023-10-27,83,Webcam,Audio,4,165.87,Charlie,663.48
678,2023-12-23,136,Keyboard,Computers,9,480.97,Bob,4328.7300000000005
679,2023-01-11,109,Speaker,Computers,10,446.94,Diana,4469.4
680,2023-10-22,65,Charger,Accessories,6,426.1,Alice,2556.6000000000004
681,2023-07-14,86,Phone,Audio,1,208.95,Bob,208.95
682,2023-09-02,145,Mouse,Computers,3,16.71,Alice,50.13
683,2023-01-04,71,Headphones,Accessories,3,49.31,Eve,147.93
684,2023-06-30,45,Webcam,Audio,10,162.98,Charlie,1629.8
685,2023-06-02,132,Monitor,Electronics,4,17.71,Eve,70.84
686,2023-07-19,36,Monitor,Computers,6,18.4,Charlie,110.39999999999999
687,2023-08-03,70,Monitor,Electronics,7,459.14,Diana,3213.98
688,2023-10-03,159,Mouse,Audio,10,356.02,Bob,3560.2
689,2023-10-07,19,Monitor,Computers,4,161.39,Diana,645.56
690,2023-11-05,189,Laptop,Audio,6,75.0,Charlie,450.0
691,2023-04-23,108,Webcam,Electronics,1,260.7,Charlie,260.7
692,2023-09-07,182,Laptop,Computers,8,12.62,Charlie,100.96
693,2023-04-23,167,Charger,Electronics,7,469.82,Alice,3288.74
694,2023-05-20,91,Webcam,Audio,9,213.26,Bob,1919.34
695,2023-08-12,90,Laptop,Audio,3,207.14,Diana,621.42
696,2023-09-06,19,Webcam,Electronics,2,201.39,Diana,402.78
697,2023-01-15,39,Charger,Computers,1,43.97,Eve,43.97
698,2023-07-19,126,Tablet,Electronics,3,322.78,Charlie,968.3399999999999
699,2023-06-22,195,Mouse,Audio,5,369.17,Charlie,1845.8500000000001
700,2023-12-09,173,Mouse,Electronics,2,341.3,Charlie,682.6
701,2023-12-14,141,Monitor,Audio,3,77.83,Diana,233.49
702,2023-07-27,126,Keyboard,Electronics,4,293.63,Eve,1174.52
703,2023-03-26,58,Monitor,Computers,7,289.05,Alice,2023.3500000000001
704,2023-08-28,148,Speaker,Computers,3,435.52,Bob,1306.56
705,2023-03-07,200,Laptop,Electronics,9,195.77,Alice,1761.93
706,2023-11-15,61,Webcam,Electronics,8,192.03,Diana,1536.24
707,2023-10-01,127,Keyboard,Computers,4,313.08,Charlie,1252.32
708,2023-01-14,105,Charger,Audio,1,320.21,Bob,320.21
709,2023-07-21,167,Speaker,Computers,1,239.95,Diana,239.95
710,2023-10-31,1,Charger,Audio,1,227.1,Diana,227.1
711,2023-10-16,131,Mouse,Electronics,1,252.13,Diana,252.13
712,2023-12-06,92,Mouse,Electronics,8,431.91,Bob,3455.28
713,2023-01-14,190,Monitor,Audio,3,235.97,Bob,707.91
714,2023-02-12,191,Laptop,Electronics,6,470.57,Eve,2823.42
715,2023-11-26,113,Keyboard,Audio,3,256.96,Eve,770.8799999999999
716,2023-08-08,153,Phone,Accessories,5,475.11,Alice,2375.55
717,2023-03-11,56,Speaker,Computers,7,418.09,Bob,2926.6299999999997
718,2023-08-25,161,Speaker,Accessories,2,187.59,Bob,375.18
719,2023-04-04,166,Monitor,Audio,6,433.18,Bob,2599.08
720,2023-01-26,117,Mouse,Computers,6,63.93,Eve,383.58
721,2023-05-14,134,Monitor,Audio,3,463.27,Diana,1389.81
722,2023-07-14,58,Webcam,Computers,6,319.51,Charlie,1917.06
723,2023-06-17,44,Keyboard,Computers,10,36.65,Eve,366.5
724,2023-04-19,173,Laptop,Computers,10,325.69,Bob,3256.9
725,2023-08-21,160,Tablet,Computers,5,487.38,Eve,2436.9
726,2023-06-17,173,Headphones,Audio,2,44.2,Alice,88.4
727,2023-06-22,61,Headphones,Computers,9,281.8,Bob,2536.2000000000003
728,2023-07-14,47,Monitor,Computers,8,376.42,Alice,3011.36
729,2023-05-23,149,Webcam,Accessories,3,407.03,Bob,1221.09
730,2023-08-04,80,Keyboard,Electronics,8,212.78,Eve,1702.24
731,2023-05-10,118,Phone,Electronics,9,110.04,Diana,990.36
732,2023-02-11,164,Headphones,Accessories,3,30.75,Charlie,92.25
733,2023-08-29,147,Keyboard,Accessories,3,294.07,Alice,882.21
734,2023-01-10,20,Laptop,Audio,2,231.93,Eve,463.86
735,2023-10-04,185,Charger,Audio,8,474.88,Diana,3799.04
736,2023-01-27,146,Webcam,Audio,10,39.7,Eve,397.0
737,2023-06-29,47,Mouse,Accessories,1,345.84,Alice,345.84
738,2023-04-25,49,Keyboard,Accessories,8,22.23,Charlie,177.84
739,2023-11-29,14,Laptop,Computers,7,94.0,Eve,658.0
740,2023-02-05,143,Phone,Audio,7,232.25,Bob,1625.75
741,2023-11-30,159,Tablet,Audio,3,232.89,Diana,698.67
742,2023-01-21,1,Mouse,Audio,1,345.99,Eve,345.99
743,2023-01-16,117,Tablet,Electronics,4,456.0,Diana,1824.0
744,2023-05-07,54,Phone,Computers,9,323.13,Bob,2908.17
745,2023-04-13,118,Laptop,Audio,5,477.23,Charlie,2386.15
746,2023-01-11,3,Headphones,Audio,1,441.99,Charlie,441.99
747,2023-11-15,144,Tablet,Audio,5,296.4,Bob,1482.0
748,2023-03-20,185,Mouse,Electronics,8,418.56,Diana,3348.48
749,2023-05-03,12,Monitor,Electronics,8,324.86,Eve,2598.88
750,2023-03-06,74,Speaker,Accessories,5,48.49,Bob,242.45000000000002
751,2023-08-31,16,Keyboard,Computers,9,372.88,Alice,3355.92
752,2023-12-09,200,Headphones,Accessories,1,56.51,Diana,56.51
753,2023-02-28,102,Tablet,Computers,4,301.1,Charlie,1204.4
754,2023-10-16,152,Charger,Electronics,3,354.29,Bob,1062.8700000000001
755,2023-04-22,156,Keyboard,Audio,2,42.6,Charlie,85.2
756,2023-08-27,117,Monitor,Accessories,8,123.09,Diana,984.72
757,2023-12-25,8,Phone,Audio,7,458.68,Charlie,3210.76
758,2023-05-12,122,Speaker,Accessories,9,311.99,Bob,2807.91
759,2023-07-08,92,Laptop,Electronics,2,130.68,Diana,261.36
760,2023-03-27,164,Monitor,Electronics,4,348.43,Alice,1393.72
761,2023-11-07,90,Monitor,Electronics,6,302.42,Bob,1814.52
762,2023-11-07,136,Phone,Accessories,3,255.77,Eve,767.3100000000001
763,2023-02-28,186,Webcam,Computers,8,488.33,Bob,3906.64
764,2023-03-25,60,Phone,Accessories,3,344.89,Diana,1034.67
765,2023-06-09,178,Webcam,Computers,2,193.97,Bob,387.94
766,2023-02-25,28,Webcam,Accessories,3,402.04,Alice,1206.1200000000001
767,2023-10-24,101,Headphones,Accessories,6,443.45,Alice,2660.7
768,2023-01-14,41,Headphones,Electronics,2,71.36,Eve,142.72
769,2023-06-09,192,Mouse,Audio,8,108.27,Charlie,866.16
770,2023-10-22,155,Tablet,Audio,1,115.95,Diana,115.95
771,2023-12-13,191,Tablet,Computers,7,348.69,Diana,2440.83
772,2023-07-12,145,Laptop,Audio,2,305.49,Charlie,610.98
773,2023-07-23,161,Tablet,Accessories,10,313.31,Alice,3133.1
774,2023-04-12,157,Headphones,Accessories,6,470.98,Alice,2825.88
775,2023-02-08,141,Mouse,Electronics,2,390.2,Bob,780.4
776,2023-10-31,46,Mouse,Electronics,2,72.69,Eve,145.38
777,2023-12-20,35,Webcam,Audio,10,180.28,Eve,1802.8
778,2023-11-18,134,Phone,Computers,8,223.34,Eve,1786.72
779,2023-05-05,82,Laptop,Audio,2,204.02,Bob,408.04
780,2023-02-22,115,Webcam,Audio,7,337.96,Eve,2365.72
781,2023-12-23,197,Phone,Audio,3,447.03,Charlie,1341.09
782,2023-06-04,47,Tablet,Audio,8,159.97,Bob,1279.76
783,2023-12-17,153,Webcam,Accessories,7,280.42,Charlie,1962.94
784,2023-11-04,194,Keyboard,Computers,8,396.81,Bob,3174.48
785,2023-03-03,10,Tablet,Accessories,7,213.95,Eve,1497.6499999999999
786,2023-10-17,56,Phone,Computers,6,92.38,Charlie,554.28
787,2023-01-22,30,Laptop,Electronics,7,242.73,Charlie,1699.11
788,2023-06-27,109,Phone,Audio,5,37.06,Charlie,185.3
789,2023-09-30,5,Webcam,Accessories,7,471.77,Bob,3302.39
790,2023-08-08,119,Webcam,Computers,1,46.66,Diana,46.66
791,2023-12-05,33,Monitor,Electronics,1,224.84,Eve,224.84
792,2023-07-09,118,Laptop,Electronics,9,269.64,Charlie,2426.7599999999998
793,2023-02-05,65,Charger,Audio,5,492.8,Diana,2464.0
794,2023-09-17,146,Tablet,Computers,5,91.35,Eve,456.75
795,2023-11-28,177,Mouse,Accessories,3,66.07,Eve,198.20999999999998
796,2023-06-24,11,Laptop,Audio,5,14.27,Charlie,71.35
797,2023-01-07,85,Mouse,Accessories,3,86.23,Charlie,258.69
798,2023-08-04,26,Laptop,Electronics,9,111.56,Bob,1004.04
799,2023-09-08,63,Laptop,Accessories,9,318.98,Diana,2870.82
800,2023-02-24,86,Phone,Accessories,6,117.66,Diana,705.96
801,2023-08-10,59,Laptop,Audio,1,20.06,Charlie,20.06
802,2023-07-05,27,Monitor,Accessories,7,415.04,Eve,2905.28
803,2023-11-22,177,Charger,Audio,7,189.14,Charlie,1323.98
804,2023-08-24,161,Webcam,Electronics,10,183.31,Eve,1833.1
805,2023-12-29,98,Speaker,Audio,10,158.21,Eve,1582.1000000000001
806,2023-03-20,105,Mouse,Audio,4,487.93,Charlie,1951.72
807,2023-08-11,99,Webcam,Computers,8,93.36,Alice,746.88
808,2023-04-01,129,Speaker,Accessories,6,450.14,Diana,2700.84
809,2023-09-25,149,Charger,Electronics,4,390.63,Eve,1562.52
810,2023-11-30,55,Charger,Audio,4,47.48,Eve,189.92
811,2023-05-19,6,Mouse,Electronics,2,493.5,Alice,987.0
812,2023-11-12,197,Mouse,Computers,2,142.97,Bob,285.94
813,2023-10-03,95,Charger,Accessories,4,58.31,Alice,233.24
814,2023-09-05,133,Speaker,Audio,5,416.36,Alice,2081.8
815,2023-08-27,102,Laptop,Accessories,8,356.27,Eve,2850.16
816,2023-08-12,3,Tablet,Computers,6,312.44,Diana,1874.6399999999999
817,2023-10-31,181,Keyboard,Computers,4,86.43,Alice,345.72
818,2023-05-18,23,Webcam,Electronics,7,244.46,Bob,1711.22
819,2023-06-15,53,Phone,Audio,8,392.47,Charlie,3139.76
820,2023-05-06,165,Webcam,Electronics,2,158.78,Alice,317.56
821,2023-02-14,83,Phone,Computers,7,162.73,Alice,1139.11
822,2023-05-23,145,Speaker,Accessories,2,11.54,Bob,23.08
823,2023-08-19,85,Phone,Electronics,2,95.38,Diana,190.76
824,2023-05-05,78,Mouse,Electronics,8,438.95,Alice,3511.6
825,2023-08-26,110,Tablet,Accessories,2,226.46,Alice,452.92
826,2023-10-19,1,Tablet,Electronics,9,492.27,Diana,4430.43
827,2023-11-09,51,Mouse,Accessories,1,203.9,Bob,203.9
828,2023-12-09,173,Monitor,Audio,9,360.44,Alice,3243.96
829,2023-07-14,4,Speaker,Accessories,1,148.14,Diana,148.14
830,2023-06-22,190,Monitor,Audio,10,188.27,Alice,1882.7
831,2023-01-15,193,Monitor,Accessories,10,103.46,Charlie,1034.6
832,2023-09-11,113,Webcam,Computers,2,180.06,Eve,360.12
833,2023-06-16,32,Charger,Computers,6,278.15,Charlie,1668.8999999999999
834,2023-04-04,34,Webcam,Audio,6,495.97,Alice,2975.82
835,2023-09-07,92,Charger,Audio,1,335.46,Bob,335.46
836,2023-04-19,95,Keyboard,Computers,7,107.63,Eve,753.41
837,2023-07-01,72,Phone,Audio,8,32.03,Charlie,256.24
838,2023-05-13,39,Charger,Accessories,2,71.91,Diana,143.82
839,2023-06-24,154,Mouse,Accessories,8,285.65,Bob,2285.2
840,2023-05-24,162,Webcam,Computers,9,384.93,Charlie,3464.37
841,2023-11-02,182,Speaker,Electronics,6,470.81,Diana,2824.86
842,2023-12-26,118,Phone,Accessories,5,17.75,Alice,88.75
843,2023-05-22,3,Keyboard,Audio,9,266.15,Diana,2395.35
844,2023-10-12,123,Charger,Electronics,9,240.73,Charlie,2166.5699999999997
845,2023-01-06,50,Keyboard,Electronics,1,331.47,Charlie,331.47
846,2023-09-22,12,Speaker,Accessories,3,284.19,Alice,852.5699999999999
847,2023-04-08,193,Monitor,Accessories,9,346.65,Diana,3119.85
848,2023-02-13,54,Tablet,Electronics,2,332.46,Diana,664.92
849,2023-05-04,133,Speaker,Electronics,4,67.34,Alice,269.36
850,2023-07-28,57,Headphones,Computers,4,401.86,Diana,1607.44
851,2023-09-08,145,Speaker,Audio,2,70.38,Alice,140.76
852,2023-10-12,112,Keyboard,Computers,3,352.28,Bob,1056.84
853,2023-05-04,47,Mouse,Accessories,3,213.91,Charlie,641.73
854,2023-12-20,151,Webcam,Computers,1,261.79,Bob,261.79
855,2023-09-01,85,Mouse,Computers,6,452.62,Eve,2715.7200000000003
856,2023-11-27,142,Keyboard,Computers,8,446.04,Eve,3568.32
857,2023-12-31,66,Webcam,Computers,3,410.75,Eve,1232.25
858,2023-09-09,75,Headphones,Audio,5,259.97,Alice,1299.8500000000001
859,2023-08-18,179,Tablet,Audio,1,370.76,Diana,370.76
860,2023-01-09,103,Phone,Electronics,10,261.32,Bob,2613.2
861,2023-02-17,166,Keyboard,Accessories,7,436.11,Bob,3052.77
862,2023-05-31,192,Charger,Computers,10,207.36,Bob,2073.6000000000004
863,2023-04-24,38,Keyboard,Electronics,1,485.42,Bob,485.42
864,2023-07-27,50,Keyboard,Electronics,9,466.84,Eve,4201.5599999999995
865,2023-12-21,98,Webcam,Electronics,8,373.39,Bob,2987.12
866,2023-05-05,82,Laptop,Audio,7,146.91,Diana,1028.37
867,2023-06-06,30,Speaker,Computers,10,74.51,Eve,745.1
868,2023-12-06,79,Laptop,Computers,7,428.8,Bob,3001.6
869,2023-10-25,91,Headphones,Accessories,5,91.0,Alice,455.0
870,2023-07-08,179,Charger,Computers,5,428.59,Charlie,2142.95
871,2023-08-31,191,Tablet,Computers,5,250.47,Charlie,1252.35
872,2023-10-11,52,Monitor,Electronics,1,209.21,Charlie,209.21
873,2023-09-29,166,Headphones,Accessories,8,452.56,Eve,3620.48
874,2023-06-26,79,Monitor,Computers,1,305.89,Bob,305.89
875,2023-08-06,30,Monitor,Audio,4,292.54,Eve,1170.16
876,2023-10-09,106,Tablet,Computers,9,283.8,Diana,2554.2000000000003
877,2023-06-19,51,Mouse,Electronics,9,191.87,Alice,1726.83
878,2023-06-30,81,Laptop,Audio,5,394.97,Alice,1974.8500000000001
879,2023-12-26,133,Keyboard,Electronics,4,133.87,Charlie,535.48
880,2023-08-21,29,Phone,Computers,3,470.06,Charlie,1410.18
881,2023-05-19,132,Monitor,Audio,3,448.05,Charlie,1344.15
882,2023-06-06,138,Charger,Accessories,5,175.37,Bob,876.85
883,2023-05-09,184,Headphones,Accessories,10,367.44,Diana,3674.4
884,2023-04-29,145,Mouse,Audio,1,290.88,Diana,290.88
885,2023-03-03,74,Monitor,Audio,5,175.45,Diana,877.25
886,2023-04-09,17,Mouse,Electronics,6,494.38,Diana,2966.2799999999997
887,2023-06-11,84,Mouse,Audio,7,22.37,Charlie,156.59
888,2023-03-03,69,Monitor,Electronics,9,133.8,Alice,1204.2
889,2023-10-02,34,Webcam,Computers,3,264.84,Charlie,794.52
890,2023-12-20,6,Speaker,Electronics,2,265.76,Diana,531.52
891,2023-04-05,53,Charger,Audio,3,298.58,Charlie,895.74
892,2023-04-09,194,Keyboard,Audio,9,378.32,Diana,3404.88
893,2023-04-21,126,Keyboard,Computers,7,315.5,Eve,2208.5
894,2023-09-05,43,Charger,Audio,9,304.14,Alice,2737.2599999999998
895,2023-05-22,115,Webcam,Audio,2,36.22,Eve,72.44
896,2023-10-29,111,Keyboard,Accessories,5,194.5,Bob,972.5
897,2023-09-26,151,Mouse,Accessories,4,123.71,Charlie,494.84
898,2023-11-02,183,Tablet,Computers,2,140.03,Bob,280.06
899,2023-05-25,80,Headphones,Electronics,9,281.63,Charlie,2534.67
900,2023-02-21,95,Laptop,Accessories,9,107.76,Eve,969.84
901,2023-04-10,118,Keyboard,Electronics,6,154.04,Diana,924.24
902,2023-06-01,144,Charger,Audio,6,126.17,Diana,757.02
903,2023-04-27,8,Tablet,Accessories,8,474.77,Charlie,3798.16
904,2023-07-04,132,Monitor,Computers,6,472.89,Diana,2837.34
905,2023-04-02,104,Speaker,Computers,1,308.87,Eve,308.87
906,2023-06-04,132,Charger,Computers,4,463.02,Diana,1852.08
907,2023-01-08,184,Mouse,Accessories,7,395.05,Eve,2765.35
908,2023-12-29,25,Speaker,Electronics,2,299.07,Bob,598.14
909,2023-10-01,195,Headphones,Audio,9,13.15,Eve,118.35000000000001
910,2023-03-06,96,Headphones,Electronics,8,388.53,Alice,3108.24
911,2023-05-21,195,Webcam,Electronics,8,354.22,Alice,2833.76
912,2023-01-24,155,Phone,Audio,7,311.47,Alice,2180.29
913,2023-01-28,93,Webcam,Audio,4,382.61,Charlie,1530.44
914,2023-10-11,160,Tablet,Accessories,2,261.33,Charlie,522.66
915,2023-05-30,178,Speaker,Accessories,3,355.0,Charlie,1065.0
916,2023-12-24,61,Phone,Accessories,6,468.23,Eve,2809.38
917,2023-03-06,122,Monitor,Accessories,5,194.14,Charlie,970.6999999999999
918,2023-11-23,51,Mouse,Accessories,8,356.98,Bob,2855.84
919,2023-09-09,147,Speaker,Audio,6,243.09,Alice,1458.54
920,2023-02-22,21,Webcam,Electronics,6,340.46,Eve,2042.7599999999998
921,2023-01-07,5,Laptop,Accessories,1,383.82,Alice,383.82
922,2023-10-21,92,Phone,Accessories,4,32.27,Charlie,129.08
923,2023-05-26,170,Phone,Electronics,5,326.83,Eve,1634.1499999999999
924,2023-08-29,61,Mouse,Accessories,3,121.1,Diana,363.29999999999995
925,2023-09-03,22,Keyboard,Electronics,9,338.32,Bob,3044.88
926,2023-08-14,149,Headphones,Electronics,1,239.48,Charlie,239.48
927,2023-06-24,70,Headphones,Audio,6,389.04,Charlie,2334.2400000000002
928,2023-04-05,1,Laptop,Computers,6,70.47,Bob,422.82
929,2023-01-27,133,Tablet,Audio,10,316.9,Bob,3169.0
930,2023-05-10,12,Tablet,Computers,5,146.45,Diana,732.25
931,2023-09-02,90,Monitor,Computers,5,427.96,Charlie,2139.7999999999997
932,2023-02-28,46,Speaker,Computers,10,464.91,Charlie,4649.1
933,2023-02-03,34,Charger,Accessories,5,498.24,Alice,2491.2
934,2023-07-25,177,Keyboard,Audio,6,400.04,Eve,2400.2400000000002
935,2023-09-09,78,Webcam,Computers,8,379.33,Eve,3034.64
936,2023-02-07,45,Charger,Electronics,2,115.6,Alice,231.2
937,2023-10-23,155,Charger,Accessories,6,174.64,Eve,1047.84
938,2023-11-19,73,Phone,Audio,1,238.18,Bob,238.18
939,2023-12-18,26,Laptop,Computers,4,388.96,Eve,1555.84
940,2023-01-28,47,Headphones,Electronics,10,458.33,Eve,4583.3
941,2023-03-19,121,Monitor,Audio,3,102.68,Alice,308.04
942,2023-03-18,56,Tablet,Audio,9,461.96,Diana,4157.639999999999
943,2023-10-16,94,Laptop,Accessories,3,350.86,Eve,1052.58
944,2023-06-05,107,Phone,Audio,6,309.28,Eve,1855.6799999999998
945,2023-02-13,63,Webcam,Accessories,1,107.92,Diana,107.92
946,2023-05-08,48,Monitor,Computers,6,37.21,Alice,223.26
947,2023-03-02,61,Phone,Accessories,4,288.55,Diana,1154.2
948,2023-10-13,81,Headphones,Electronics,8,329.24,Alice,2633.92
949,2023-08-02,26,Headphones,Accessories,9,113.28,Bob,1019.52
950,2023-11-07,36,Headphones,Electronics,4,282.66,Alice,1130.64
951,2023-11-02,1,Laptop,Accessories,10,429.68,Bob,4296.8
952,2023-11-13,8,Laptop,Audio,10,419.18,Bob,4191.8
953,2023-04-26,113,Tablet,Computers,6,464.4,Alice,2786.3999999999996
954,2023-09-25,99,Tablet,Electronics,1,189.28,Charlie,189.28
955,2023-07-14,180,Webcam,Accessories,4,165.84,Alice,663.36
956,2023-08-19,47,Monitor,Accessories,7,377.22,Eve,2640.54
957,2023-08-15,127,Mouse,Accessories,1,221.25,Eve,221.25
958,2023-06-02,56,Mouse,Audio,8,52.9,Charlie,423.2
959,2023-10-29,14,Phone,Audio,10,148.57,Bob,1485.6999999999998
960,2023-08-08,28,Headphones,Electronics,6,215.11,Charlie,1290.66
961,2023-06-06,78,Monitor,Electronics,5,153.33,Eve,766.6500000000001
962,2023-10-19,130,Charger,Audio,10,172.78,Charlie,1727.8
963,2023-11-14,109,Laptop,Electronics,9,153.95,Alice,1385.55
964,2023-01-31,154,Speaker,Computers,2,30.33,Charlie,60.66
965,2023-11-09,14,Keyboard,Computers,5,322.18,Bob,1610.9
966,2023-02-20,187,Webcam,Audio,6,302.67,Alice,1816.02
967,2023-04-17,56,Headphones,Electronics,7,330.16,Diana,2311.1200000000003
968,2023-11-17,115,Headphones,Accessories,5,104.23,Eve,521.15
969,2023-04-19,7,Headphones,Computers,9,154.87,Eve,1393.83
970,2023-05-16,3,Laptop,Audio,1,313.61,Charlie,313.61
971,2023-12-05,111,Laptop,Electronics,7,303.82,Alice,2126.74
972,2023-02-11,151,Keyboard,Audio,10,258.1,Diana,2581.0
973,2023-03-22,107,Charger,Accessories,7,181.7,Alice,1271.8999999999999
974,2023-05-03,18,Monitor,Computers,4,457.34,Eve,1829.36
975,2023-03-30,38,Headphones,Audio,9,176.49,Alice,1588.41
976,2023-10-10,115,Mouse,Audio,5,233.25,Diana,1166.25
977,2023-02-08,15,Tablet,Audio,4,342.28,Charlie,1369.12
978,2023-03-22,192,Mouse,Accessories,7,276.08,Bob,1932.56
979,2023-01-02,119,Phone,Audio,4,179.97,Alice,719.88
980,2023-07-29,28,Mouse,Accessories,3,223.47,Bob,670.41
981,2023-08-19,39,Phone,Accessories,9,399.3,Eve,3593.7000000000003
982,2023-12-19,185,Speaker,Accessories,8,146.28,Charlie,1170.24
983,2023-11-01,17,Tablet,Computers,1,79.71,Charlie,79.71
984,2023-08-29,86,Mouse,Computers,7,163.45,Alice,1144.1499999999999
985,2023-05-30,126,Speaker,Audio,9,426.27,Charlie,3836.43
986,2023-01-17,44,Webcam,Audio,8,53.6,Alice,428.8
987,2023-04-29,25,Monitor,Computers,8,495.93,Alice,3967.44
988,2023-05-28,145,Speaker,Electronics,6,275.09,Bob,1650.54
989,2023-12-28,13,Monitor,Computers,4,492.57,Charlie,1970.28
990,2023-05-25,25,Mouse,Accessories,8,470.11,Alice,3760.88
991,2023-12-26,68,Charger,Computers,3,231.88,Bob,695.64
992,2023-08-21,138,Speaker,Accessories,9,107.26,Diana,965.34
993,2023-02-06,67,Tablet,Audio,2,90.79,Bob,181.58
994,2023-12-18,109,Mouse,Electronics,2,127.59,Bob,255.18
995,2023-04-30,146,Headphones,Audio,7,357.96,Alice,2505.72
996,2023-05-16,111,Laptop,Accessories,10,143.75,Eve,1437.5
997,2023-11-17,111,Speaker,Accessories,4,177.3,Eve,709.2
998,2023-10-29,34,Tablet,Accessories,10,229.9,Eve,2299.0
999,2023-12-05,111,Webcam,Electronics,8,457.48,Bob,3659.84
1000,2023-04-12,8,Headphones,Computers,9,102.8,Alice,925.1999999999999
